W,0x12ab34cd,0x56789abc
R,0x1a2b3c4d,
W,0xabcd1234,0x34567890
W,0x0f1e2d3c,0x4b5a6978
R,0x12345678,
W,0x1a2b3c4d,0x5e6f7a8b
W,0xabcdef01,0x23456789
R,0x2b3c4d5e,
W,0x3c4d5e6f,0x1a2b3c4d
W,0x4d5e6f7a,0x8b9ca0b1
R,0x5e6f7a8b,
W,0x6f7a8b9c,0x4d5e6f7a
W,0x7a8b9ca0,0x9b0c1d2e
R,0x8b9ca0b1,
W,0x9ca0b1c2,0xd3e4f5a6
W,0xa0b1c2d3,0xf5e6d7c8
R,0xb1c2d3e4,
W,0xc2d3e4f5,0xa6b7c8d9
W,0xd3e4f5a6,0xb8c9d0e1
R,0xe4f5a6b7,
W,0xf5a6b7c8,0xc9d0e1f2
W,0xa6b7c8d9,0xd0e1f203
R,0xb7c8d9e0,
W,0xc8d9e0f1,0xe1f20314
W,0xd9e0f1a2,0xf20314a5
R,0xe0f1a2b3,
W,0xf1a2b3c4,0x0314a5b6
W,0xa2b3c4d5,0x1425b6c7
R,0xb3c4d5e6,
W,0xc4d5e6f7,0x2536c7d8
W,0xd5e6f708,0x3647d8e9
R,0xe6f70819,
W,0xf708192a,0x4758e9fa
W,0x08192a3b,0x5869fa0b
R,0x192a3b4c,
W,0x2a3b4c5d,0x697a0b1c
W,0x3b4c5d6e,0x7a8b1c2d
R,0x4c5d6e7f,
W,0x5d6e7f80,0x8b9c2d3e
W,0x6e7f8091,0x9c0d3e4f
R,0x7f8091a2,
W,0x8091a2b3,0x0d1e4f50
W,0x91a2b3c4,0x1e2f5061
R,0xa2b3c4d5,
W,0xb3c4d5e6,0x2f306172
W,0xc4d5e6f7,0x30417283
R,0xd5e6f708,
W,0xe6f70819,0x41728394
W,0xf708192a,0x528394a5
R,0x08192a3b,
W,0x192a3b4c,0x6394a5b6
W,0x2a3b4c5d,0x7495b6c7
R,0x3b4c5d6e,
W,0x4c5d6e7f,0x8596c7d8
W,0x5d6e7f80,0x9697d8e9
R,0x6e7f8091,
W,0x7f8091a2,0xa798e9fa
W,0x8091a2b3,0xb899fa0b
R,0x91a2b3c4,
W,0xa2b3c4d5,0xc99a0b1c
W,0xb3c4d5e6,0xda9b1c2d
R,0xc4d5e6f7,
W,0xd5e6f708,0xeb9c2d3e
W,0xe6f70819,0xfc9d3e4f
R,0xf708192a,
W,0x08192a3b,0x0d9e4f50
W,0x192a3b4c,0x1e9f5061
R,0x2a3b4c5d,
W,0x3b4c5d6e,0x2fa06172
W,0x4c5d6e7f,0x3fa17283
R,0x5d6e7f80,
W,0x6e7f8091,0x4fa28394
W,0x7f8091a2,0x5fa394a5
R,0x8091a2b3,
W,0x91a2b3c4,0x6fa4a5b6
W,0xa2b3c4d5,0x7fa5b6c7
R,0xb3c4d5e6,
W,0xc4d5e6f7,0x8fa6c7d8
W,0xd5e6f708,0x9fa7d8e9
R,0xe6f70819,
W,0xf708192a,0xafa8e9fa
W,0x08192a3b,0xbfa9fa0b
R,0x192a3b4c,
W,0x2a3b4c5d,0xcfaaf1c2
W,0x3b4c5d6e,0xdfaaf1c3
R,0x4c5d6e7f,
W,0x5d6e7f80,0xefac1c2d
W,0x6e7f8091,0xffad2d3e
R,0x7f8091a2,
W,0x8091a2b3,0xafae3e4f
W,0x91a2b3c4,0xbfaf4f50
R,0xa2b3c4d5,
W,0xb3c4d5e6,0xc0b05161
W,0xc4d5e6f7,0xd1c16272
R,0xd5e6f708,
W,0xe6f70819,0xe2d27383
W,0xf708192a,0xf3e38494