W,0x10000000,0x8f3e2c7d
R,0x1000000c,
W,0x10000018,0x1a2b3c4d
W,0x10000014,0x5e6f7a8b
R,0x10000028,
W,0x10000020,0x2f3e4d5c
W,0x1000002c,0x7a8b9c0d
R,0x10000010,
W,0x10000004,0x4b5a6978
W,0x10000008,0x9c0d1e2f
R,0x1000001c,
W,0x10000024,0x0a1b2c3d
W,0x10000038,0x5e6f7a8b
R,0x1000003c,
W,0x10000030,0x7a8b9c0d
W,0x10000034,0x4b5a6978
R,0x10000048,
W,0x10000040,0x1a2b3c4d
W,0x10000044,0x9c0d1e2f
R,0x10000050,
W,0x10000054,0x8f3e2c7d
W,0x10000058,0x2f3e4d5c
R,0x1000005c,
W,0x10000060,0x7a8b9c0d
W,0x10000064,0x4b5a6978
R,0x10000068,
W,0x1000006c,0x9c0d1e2f
W,0x10000070,0x5e6f7a8b
R,0x10000074,
W,0x10000078,0x1a2b3c4d
W,0x1000007c,0x2f3e4d5c
R,0x10000080,
W,0x10000084,0x8f3e2c7d
W,0x10000088,0x5e6f7a8b
R,0x1000008c,
W,0x10000090,0x7a8b9c0d
W,0x10000094,0x4b5a6978
R,0x10000098,
W,0x1000009c,0x1a2b3c4d
W,0x100000a0,0x9c0d1e2f
R,0x100000a4,
W,0x100000a8,0x8f3e2c7d
W,0x100000ac,0x2f3e4d5c
R,0x100000b0,
W,0x100000b4,0x7a8b9c0d
W,0x100000b8,0x4b5a6978
R,0x100000bc,
W,0x100000c0,0x9c0d1e2f
W,0x100000c4,0x5e6f7a8b
R,0x100000c8,
W,0x100000cc,0x1a2b3c4d
W,0x100000d0,0x2f3e4d5c
R,0x100000d4,
W,0x100000d8,0x8f3e2c7d
W,0x100000dc,0x5e6f7a8b
R,0x100000e0,
W,0x100000e4,0x7a8b9c0d
W,0x100000e8,0x4b5a6978
R,0x100000ec,
W,0x100000f0,0x1a2b3c4d
W,0x100000f4,0x9c0d1e2f
R,0x100000f8,
W,0x100000fc,0x8f3e2c7d
W,0x10000100,0x2f3e4d5c
R,0x10000104,
W,0x10000108,0x7a8b9c0d
W,0x1000010c,0x4b5a6978
R,0x10000110,
W,0x10000114,0x9c0d1e2f
W,0x10000118,0x5e6f7a8b
R,0x1000011c,
W,0x10000120,0x1a2b3c4d
W,0x10000124,0x2f3e4d5c
R,0x10000128,
W,0x1000012c,0x8f3e2c7d
W,0x10000130,0x5e6f7a8b
R,0x10000134,
W,0x10000138,0x7a8b9c0d
W,0x1000013c,0x4b5a6978
R,0x10000140,
W,0x10000144,0x1a2b3c4d
W,0x10000148,0x9c0d1e2f
R,0x1000014c,
W,0x10000150,0x8f3e2c7d
W,0x10000154,0x2f3e4d5c
R,0x10000158,
W,0x1000015c,0x7a8b9c0d
W,0x10000160,0x4b5a6978
R,0x10000164,
W,0x10000168,0x9c0d1e2f
W,0x1000016c,0x5e6f7a8b
R,0x10000170,
W,0x10000174,0x1a2b3c4d
W,0x10000178,0x2f3e4d5c
R,0x1000017c,
W,0x10000180,0x8f3e2c7d
W,0x10000184,0x5e6f7a8b
R,0x10000188,
W,0x1000018c,0x7a8b9c0d
W,0x10000190,0x4b5a6978
R,0x10000194,
W,0x10000198,0x1a2b3c4d
W,0x1000019c,0x9c0d1e2f
R,0x100001a0,
W,0x100001a4,0x8f3e2c7d
W,0x100001a8,0x2f3e4d5c
R,0x100001ac,
W,0x100001b0,0x7a8b9c0d
W,0x100001b4,0x4b5a6978
R,0x100001b8,
W,0x100001bc,0x9c0d1e2f
W,0x100001c0,0x5e6f7a8b
R,0x100001c4,
W,0x100001c8,0x1a2b3c4d
W,0x100001cc,0x2f3e4d5c