W,0x00000000,0x11111111
W,0x00000010,0x22222222
W,0x00000020,0x33333333
R,0x00000000,
W,0x00000013,0x77777777
R,0x00000023,
W,0x00000001,0x11111111
W,0x00000001,0x99999999
R,0x00000012,
W,0x00000000,0x44444444
R,0x00000010,
W,0x00000020,0x55555555
R,0x00000023,
R,0x00000003,
W,0x00000001,0x33333333
W,0x00000013,0x44444444
W,0x00000010,0x77777777
W,0x00000013,0x55555555
W,0x00000002,0x77777777
R,0x00000021,
R,0x00000013,
W,0x00000011,0x66666666
W,0x00000022,0x88888888
R,0x00000013,
W,0x00000002,0x33333333
R,0x00000013,
R,0x00000020,
R,0x00000002,
R,0x00000001,
W,0x00000003,0x66666666
R,0x00000002,
R,0x00000000,
R,0x00000012,
W,0x00000002,0x22222222
R,0x00000023,
R,0x00000012,
R,0x00000012,
R,0x00000001,
R,0x00000003,
W,0x00000023,0x88888888
R,0x00000021,
R,0x00000022,
W,0x00000011,0x88888888
W,0x00000011,0x77777777
R,0x00000000,
W,0x00000001,0x66666666
W,0x00000022,0x99999999
R,0x00000023,
W,0x00000002,0x66666666
R,0x00000010,
R,0x00000020,
R,0x00000023,
W,0x00000021,0x11111111
W,0x00000001,0x99999999
R,0x00000021,
W,0x00000011,0x44444444
R,0x00000001,
W,0x00000001,0x11111111
R,0x00000010,
W,0x00000002,0x77777777
R,0x00000013,
R,0x00000010,
W,0x00000021,0x44444444
R,0x00000012,
W,0x00000023,0x99999999
R,0x00000022,
R,0x00000000,
R,0x00000003,
W,0x00000011,0x33333333
W,0x00000021,0x44444444
R,0x00000010,
W,0x00000012,0x55555555
W,0x00000003,0x44444444
W,0x00000022,0x88888888
R,0x00000020,
W,0x00000020,0x33333333
R,0x00000021,
R,0x00000010,
R,0x00000013,
R,0x00000010,
W,0x00000003,0x99999999
W,0x00000010,0x99999999
R,0x00000012,
W,0x00000023,0x11111111
R,0x00000000,
R,0x00000001,
R,0x00000000,
R,0x00000011,
W,0x00000012,0x66666666
R,0x00000002,
W,0x00000013,0x66666666
R,0x00000000,
W,0x00000002,0x33333333
W,0x00000013,0x88888888
R,0x00000010,
R,0x00000021,
R,0x00000012,
R,0x00000022,
W,0x00000012,0x77777777
R,0x00000002,
W,0x00000012,0x66666666
W,0x00000012,0x66666666
R,0x00000011,
