W,0x00000581,0x66666666
W,0x00000440,0x33333333
R,0x00000070,
R,0x00001CE1,
R,0x00001FD3,
R,0x00001231,
R,0x00000203,
R,0x00000D31,
R,0x00001D31,
R,0x00001C81,
W,0x00001631,0x11111111
W,0x00000892,0x12345678
R,0x00001F93,
W,0x00000193,0xf809b234
R,0x000010A0,
W,0x00000382,0x687b890a
W,0x00000CC1,0x77777777
W,0x00000F02,0x79824691
R,0x000014C0,
R,0x00000842,
R,0x000004B1,
W,0x00001073,0x44444444
R,0x00001CA3,
W,0x00000373,0x22222222
W,0x000000B2,0x11111111
W,0x00000E73,0x55555555
R,0x000001E0,
R,0x000015B1,
R,0x00001881,
W,0x00001230,0x79824691
W,0x00001D21,0x55555555
W,0x000018A0,0x22222222
W,0x00001002,0x12345678
R,0x000019D1,
R,0x00000B40,
W,0x00001991,0x79824691
R,0x00001DA3,
W,0x00001110,0x79824691
W,0x000008B1,0x88888888
W,0x00000CD2,0x33333333
W,0x00000693,0x55555555
R,0x00000E90,
R,0x000003F3,
W,0x00000592,0x15946378
R,0x00001181,
W,0x00001612,0x99999999
R,0x00000B43,
R,0x00000DB1,
R,0x00001B81,
R,0x000014E1,
W,0x000012E2,0x66666666
W,0x000009E0,0x99999999
R,0x00000F81,
R,0x000006A3,
W,0x00001B20,0x22222222
R,0x00001161,
W,0x00000A13,0x687b890a
W,0x000003C1,0x88888888
W,0x00000AE2,0xf809b234
R,0x00001A60,
W,0x00000791,0x11111111
R,0x00000E90,
W,0x000013E3,0x16420982
R,0x000001C0,
W,0x00000B12,0x55555555
R,0x00000461,
R,0x00001E41,
W,0x000007D2,0x79824691
R,0x00000960,
R,0x00000D03,
R,0x000006F0,
W,0x00001D02,0x687b890a
W,0x000015C2,0xf809b234
W,0x00000FB0,0x16420982
R,0x00000A71,
W,0x00001C42,0x16420982
R,0x000011E1,
R,0x00000240,
R,0x00000112,
R,0x00001630,
W,0x000008F1,0x77777777
W,0x00001D13,0x16420982
R,0x00001410,
W,0x000004D1,0x77777777
W,0x00001DE3,0x55555555
W,0x00000632,0x55555555
W,0x00001233,0x11111111
R,0x00000D71,
R,0x00001082,
W,0x00000CE1,0x55555555
R,0x000013A1,
W,0x000002D3,0x77777777
W,0x00000493,0x33333333
R,0x00000B92,
W,0x00001271,0x12345678
W,0x00000A10,0x15946378
W,0x00000B62,0x11111111
W,0x00000E21,0x77777777
R,0x00001D93,
R,0x00000A20,
R,0x00001173,
W,0x00001DA1,0x99999999
R,0x00000F21,
W,0x00001EF3,0x12345678
W,0x000010D3,0x11111111
R,0x00001410,
W,0x000001D3,0x79824691
W,0x000013B1,0x15946378
W,0x00001B41,0x11111111
W,0x00001E10,0x66666666
R,0x00000531,
R,0x00000EF1,
R,0x00000E51,
W,0x00000172,0x33333333
R,0x00000A92,
W,0x00000291,0x12345678
W,0x00000313,0x66666666
W,0x00001E52,0x16420982
W,0x00001452,0xf809b234
R,0x000019F1,
R,0x00000C61,
R,0x000002B3,
R,0x00001D93,
W,0x000004C3,0x79824691
W,0x000011B0,0x687b890a
W,0x00001DF1,0x687b890a
W,0x000015B1,0x16420982
R,0x00000833,
R,0x00001581,
W,0x00001A53,0x99999999
R,0x000005D2,
W,0x00000D50,0x33333333
R,0x000004C1,
R,0x00000ED1,
R,0x00001DF3,
R,0x00001A42,
R,0x000015C1,
R,0x00000C41,
R,0x000017C1,
R,0x000019E3,
W,0x00001CC0,0x88888888
W,0x000002E3,0x16420982
W,0x000009C1,0x79824691
W,0x00001F83,0x55555555
R,0x00000253,
R,0x00000570,
W,0x00001412,0xf809b234
W,0x00001873,0x88888888
W,0x00001091,0x22222222
R,0x000017E3,
R,0x000004B2,
R,0x00001360,
R,0x00000862,
W,0x00000053,0x16420982
R,0x00000381,
W,0x00000C71,0x66666666
W,0x00000562,0x44444444
W,0x00000C91,0x12345678
R,0x00000242,
W,0x00001F53,0x77777777
R,0x00001672,
W,0x00001203,0x99999999
R,0x00000DC1,
W,0x00001190,0x15946378
W,0x00001200,0x99999999
W,0x00000370,0x99999999
W,0x00001633,0x15946378
R,0x00000EC0,
W,0x00000463,0x12345678
R,0x00000A91,
W,0x000019E0,0x16420982
R,0x00001C32,
R,0x00001460,
R,0x000006E3,
W,0x00001023,0x15946378
R,0x00001373,
W,0x00001A53,0x55555555
R,0x000019D2,
R,0x00000C51,
R,0x00001610,
R,0x00001EE0,
R,0x00000161,
W,0x00001A00,0x79824691
W,0x00001463,0x33333333
R,0x00001DD0,
R,0x00001920,
W,0x00001040,0x15946378
W,0x000012E3,0x687b890a
R,0x00000AB2,
R,0x00001D90,
W,0x00001D00,0x44444444
W,0x00000A40,0x16420982
W,0x000013D3,0x99999999
R,0x000007C3,
W,0x00000150,0xf809b234
R,0x000018E1,
R,0x00000750,
W,0x00001E51,0x15946378
W,0x00001FF3,0xf809b234
W,0x00001A73,0x33333333
R,0x00001E13,
W,0x00000BF3,0x88888888
W,0x000003F0,0x15946378
W,0x00000610,0x88888888
R,0x00001E41,
W,0x00001D53,0x79824691
W,0x000012B2,0x77777777
W,0x00001081,0x15946378
R,0x000001D3,
W,0x00000E33,0x99999999
R,0x000005D1,
W,0x000000B1,0x33333333
W,0x00001280,0x66666666
W,0x00001CB0,0x22222222
W,0x00000992,0x99999999
W,0x00001142,0xf809b234
R,0x000016F3,
W,0x000015C2,0x77777777
R,0x00001400,
R,0x00001D83,
R,0x00000B03,
W,0x00001800,0x99999999
W,0x000004B0,0x22222222
R,0x00000A20,
R,0x000010D3,
W,0x00000562,0x687b890a
W,0x00000D03,0x99999999
R,0x00001CA0,
W,0x00001A23,0x44444444
R,0x00001260,
R,0x00001CE3,
R,0x00001E01,
R,0x000004B1,
R,0x000012B2,
R,0x00000AE1,
W,0x00001C11,0x99999999
W,0x00001AB2,0x16420982
R,0x00001582,
R,0x000012D1,
R,0x000015B0,
R,0x00001D60,
W,0x00001A43,0xf809b234
W,0x00001231,0x99999999
W,0x00000DC2,0x77777777
W,0x000004A0,0x33333333
R,0x00001153,
R,0x00000FC2,
R,0x00001783,
R,0x00001F71,
W,0x00000B30,0x66666666
R,0x00001BD0,
R,0x00000A81,
W,0x000004F3,0x44444444
R,0x000004F0,
W,0x000003E3,0x77777777
R,0x00000CF3,
W,0x00001452,0xf809b234
W,0x00000453,0x77777777
W,0x00000F62,0x79824691
W,0x000018B3,0x11111111
W,0x00001DD1,0x66666666
W,0x00000F83,0xf809b234
W,0x00001060,0x15946378
R,0x000013F0,
R,0x00001F22,
R,0x00000781,
W,0x000009A0,0x44444444
R,0x00001801,
R,0x00001CB3,
R,0x000014F0,
R,0x000002E2,
W,0x00000A63,0x687b890a
R,0x00000210,
W,0x000016C2,0x22222222
W,0x00000A92,0xf809b234
W,0x000004B2,0x15946378
W,0x00001581,0x99999999
W,0x00001641,0x55555555
W,0x000002E2,0x22222222
W,0x00001703,0x79824691
W,0x00001B40,0x687b890a
W,0x00001121,0x15946378
W,0x00000B53,0x77777777
R,0x00000C51,
W,0x00000581,0x77777777
W,0x000012E3,0x16420982
W,0x00001520,0x44444444
W,0x00001712,0x55555555
W,0x00000EA1,0x79824691
R,0x00001CF3,
W,0x00000B31,0x15946378
R,0x000008C1,
W,0x00000382,0x79824691
W,0x00000200,0x79824691
R,0x000011F3,
R,0x00000033,
W,0x00001C73,0x687b890a
R,0x00000F81,
W,0x00001BA0,0x79824691
R,0x00001213,
R,0x00001DD2,
W,0x00001842,0x33333333
R,0x00001850,
W,0x00000221,0x33333333
R,0x00000251,
W,0x00000C52,0x33333333
R,0x00000B01,
W,0x00000D22,0x15946378
R,0x00001E33,
R,0x00001B12,
R,0x00001EC0,
R,0x00000FE0,
R,0x00000770,
R,0x00001BD0,
R,0x000016A0,
R,0x00000A32,
R,0x00000162,
W,0x000009E2,0x79824691
W,0x00000F42,0x88888888
W,0x00001F62,0x33333333
R,0x00000B22,
R,0x00001D40,
W,0x000000B0,0x11111111
W,0x00001A82,0x687b890a
W,0x00000F43,0x687b890a
W,0x00001D81,0x66666666
R,0x00000801,
W,0x00001342,0x88888888
R,0x00000930,
W,0x00001EC0,0x12345678
R,0x00000922,
R,0x00000072,
W,0x00001B30,0x88888888
W,0x00000602,0x88888888
W,0x00000410,0x12345678
R,0x00001A10,
R,0x00000713,
W,0x00001152,0xf809b234
W,0x00001E02,0x77777777
W,0x00000102,0x33333333
W,0x000001B1,0x15946378
W,0x000011E3,0x88888888
W,0x00000400,0x687b890a
W,0x00000872,0x66666666
R,0x00001F02,
R,0x00001711,
W,0x00000EA2,0x11111111
R,0x000015E2,
W,0x00000B11,0x33333333
R,0x00000982,
R,0x00000BB3,
R,0x00001901,
R,0x000002F3,
W,0x00000FA3,0x55555555
W,0x00000C40,0x55555555
W,0x00000083,0x12345678
R,0x000013E3,
W,0x00000E13,0x99999999
R,0x00000DE3,
R,0x00000620,
W,0x00001750,0x16420982
W,0x00001C90,0x11111111
W,0x000013F1,0xf809b234
R,0x00000403,
R,0x000019E1,
R,0x00000681,
W,0x00000922,0x99999999
R,0x00000673,
W,0x00001231,0xf809b234
R,0x00000611,
W,0x000016E1,0x16420982
W,0x00000651,0x44444444
R,0x000005B0,
R,0x00001D23,
W,0x00000E53,0x16420982
W,0x000017A0,0x12345678
W,0x000000B1,0x687b890a
W,0x00001460,0x77777777
W,0x00001A02,0x15946378
R,0x00001E31,
W,0x00000453,0xf809b234
R,0x00000B91,
R,0x000000D0,
W,0x00000B01,0xf809b234
W,0x00001D80,0x88888888
W,0x00000EA3,0x15946378
R,0x00001733,
W,0x00001932,0xf809b234
W,0x00001FE0,0x66666666
W,0x00000FD3,0x79824691
W,0x00001AE3,0x22222222
W,0x00000243,0x99999999
W,0x000005D0,0x12345678
R,0x00000342,
R,0x00000A40,
R,0x000000A0,
R,0x00001ED2,
W,0x00000E50,0x55555555
R,0x00001D11,
R,0x000011B3,
W,0x00000551,0x88888888
W,0x00000B71,0x22222222
R,0x00000DC1,
W,0x000018A1,0x687b890a
R,0x000015B3,
W,0x00001DC2,0x79824691
W,0x00001163,0x55555555
R,0x00001433,
W,0x00000500,0x22222222
W,0x00000E71,0x687b890a
R,0x00001F21,
R,0x00000C63,
W,0x00000400,0x22222222
W,0x00000F70,0x44444444
R,0x00001913,
W,0x00001553,0x79824691
W,0x00000C71,0xf809b234
W,0x00001CC0,0x11111111
R,0x00001592,
R,0x00000373,
R,0x00000340,
W,0x00001431,0x16420982
W,0x000009E1,0x12345678
R,0x00000D82,
R,0x00000970,
W,0x000000A0,0x79824691
W,0x00001703,0x77777777
R,0x00001943,
W,0x00001BD3,0x66666666
R,0x00000753,
W,0x00000030,0x66666666
R,0x00001F01,
W,0x00000C20,0x16420982
R,0x000006F3,
R,0x00001890,
W,0x000000D3,0x33333333
R,0x00000BB1,
R,0x00000222,
R,0x00001DD2,
R,0x00001201,
R,0x00000EE2,
W,0x000014E3,0x22222222
W,0x00000A40,0x12345678
R,0x00000AB2,
W,0x00001B22,0x66666666
R,0x00000EB2,
W,0x000009F0,0x99999999
R,0x00000BA1,
W,0x00001743,0x12345678
W,0x00001E02,0x22222222
R,0x00000232,
W,0x00000A03,0x99999999
W,0x00001D93,0x77777777
W,0x00001942,0x33333333
R,0x00000C80,
R,0x00001F72,
R,0x00000173,
R,0x00000B51,
R,0x00001A61,
W,0x00001150,0x15946378
W,0x00001783,0x11111111
W,0x00000E20,0x11111111
W,0x00001F31,0xf809b234
W,0x000006F1,0x79824691
W,0x00001D21,0x687b890a
W,0x00001060,0x16420982
R,0x000016F1,
W,0x00000BB3,0x66666666
R,0x00000351,
R,0x00001E42,
W,0x000005A1,0x22222222
W,0x00000133,0x22222222
R,0x00000A10,
R,0x00001ED0,
W,0x00000D03,0x11111111
W,0x00001572,0x33333333
R,0x00001E91,
R,0x00001963,
W,0x00001741,0x79824691
W,0x00001AD2,0x33333333
W,0x00001DE2,0x33333333
R,0x00001BA1,
W,0x00001B30,0xf809b234
R,0x00001842,
R,0x000008C2,
R,0x000012E2,
R,0x00001022,
R,0x00000692,
W,0x00001961,0x77777777
W,0x00001FE1,0xf809b234
W,0x00000AA0,0x12345678
W,0x000017C3,0x44444444
R,0x00000433,
R,0x00001693,
R,0x00001F43,
W,0x00000F33,0xf809b234
W,0x00000273,0x12345678
W,0x00001643,0x88888888
R,0x00000352,
W,0x000001D3,0x44444444
W,0x00001A20,0x77777777
R,0x00001DA0,
W,0x00000C71,0x55555555
R,0x00000881,
W,0x000016C1,0x55555555
W,0x00000E22,0x44444444
W,0x00000BC0,0x79824691
R,0x00000A50,
W,0x000007C3,0x88888888
R,0x000001E3,
R,0x00001632,
R,0x00001280,
R,0x00000311,
W,0x000012C0,0x12345678
R,0x000008D1,
R,0x00000AE1,
R,0x00000221,
W,0x00001A53,0xf809b234
R,0x00001823,
W,0x00001E40,0x66666666
W,0x00001542,0xf809b234
W,0x00000272,0x33333333
W,0x00000F73,0x11111111
R,0x00001993,
W,0x00001AC0,0x22222222
W,0x000012C1,0x79824691
W,0x00000711,0x88888888
W,0x00001361,0x11111111
R,0x00000083,
W,0x000008E2,0x687b890a
R,0x00000800,
R,0x00000A81,
R,0x000017E1,
W,0x00000260,0x12345678
R,0x00001C90,
R,0x00000D92,
W,0x00001541,0x12345678
R,0x000015A3,
W,0x00001ED0,0x79824691
R,0x00000031,
R,0x00001C73,
R,0x00000452,
R,0x00001750,
R,0x00001C93,
W,0x00001E71,0x66666666
W,0x00001571,0x77777777
R,0x00001FC2,
W,0x00001982,0x79824691
W,0x000003D1,0x55555555
R,0x00001E00,
W,0x000002C1,0x22222222
R,0x00000521,
R,0x000015E1,
R,0x00000E11,
R,0x00000BF3,
R,0x000001B0,
W,0x00001C90,0x44444444
W,0x000013D1,0x77777777
R,0x00001FE0,
R,0x00001B81,
R,0x000014D1,
R,0x00001943,
W,0x00001443,0x11111111
W,0x000007D3,0x55555555
R,0x00001D82,
R,0x00001912,
R,0x00001751,
R,0x00001BF2,
R,0x00001761,
R,0x00000522,
R,0x000016A2,
R,0x00001AC2,
W,0x000007F2,0x16420982
W,0x00000AE3,0x12345678
W,0x000010A0,0x66666666
R,0x00000591,
W,0x00001071,0x55555555
R,0x000005C3,
W,0x00000DF1,0x88888888
R,0x00000561,
R,0x00000BA2,
W,0x00000D53,0xf809b234
W,0x00001E70,0x11111111
R,0x00000E91,
R,0x00000E10,
R,0x00001100,
W,0x000011C0,0x55555555
W,0x00001760,0x22222222
R,0x000013E0,
R,0x000007C2,
R,0x00001B90,
R,0x000011B3,
W,0x00001522,0x55555555
W,0x00001492,0x66666666
W,0x00000632,0x33333333
W,0x00000E40,0x33333333
W,0x00000071,0x44444444
R,0x00000923,
R,0x00000863,
W,0x00001CB0,0x77777777
W,0x00000EF1,0x15946378
R,0x00000FC0,
W,0x00000EF3,0x66666666
W,0x00001950,0x12345678
R,0x00001090,
R,0x00001133,
W,0x00001850,0x79824691
R,0x000013F2,
R,0x00000370,
W,0x00000C73,0x11111111
W,0x00001313,0x44444444
W,0x00001E00,0x66666666
W,0x00001F01,0x22222222
W,0x00000993,0x55555555
R,0x000016B0,
W,0x00000451,0x687b890a
R,0x00001881,
R,0x00000750,
R,0x00001C91,
R,0x00000F30,
R,0x00001BD3,
R,0x000011F0,
W,0x00000962,0x22222222
R,0x000011E3,
W,0x00000093,0x66666666
W,0x00000131,0x15946378
R,0x000005C3,
R,0x00001461,
R,0x00000C41,
R,0x00000E03,
W,0x00000723,0x11111111
R,0x00000440,
W,0x00001431,0x22222222
R,0x000013E1,
W,0x00001B20,0x11111111
R,0x00001290,
R,0x00001D00,
W,0x00000550,0x66666666
R,0x00001ED1,
R,0x000001F2,
W,0x00000A53,0x99999999
R,0x00000DB1,
R,0x000018A1,
R,0x00000691,
W,0x00000413,0x33333333
W,0x00001383,0x77777777
W,0x00000DD2,0x22222222
W,0x00001C12,0x88888888
W,0x00000E33,0x687b890a
W,0x00000501,0x22222222
R,0x00000160,
W,0x000012B2,0x687b890a
R,0x00000892,
R,0x00001012,
W,0x00001260,0x88888888
R,0x00001722,
W,0x000004C2,0x12345678
W,0x00000FD2,0x16420982
R,0x000003E0,
R,0x00001BE0,
R,0x00001702,
R,0x00001BA1,
R,0x00000A13,
R,0x00000002,
W,0x00001602,0x12345678
W,0x00001382,0x33333333
R,0x00000BA3,
R,0x000008C0,
R,0x00000463,
W,0x000000C2,0x15946378
W,0x000006C1,0x99999999
W,0x00001411,0x11111111
R,0x000013E2,
R,0x000015B1,
W,0x00001EA0,0x33333333
W,0x00001E50,0x15946378
R,0x000014C3,
W,0x00000CF2,0xf809b234
W,0x00000A01,0x22222222
R,0x00001241,
W,0x00000460,0xf809b234
W,0x000001E2,0x33333333
R,0x000015F0,
W,0x00000CA2,0x16420982
W,0x00000830,0xf809b234
R,0x000000F3,
W,0x00001CF1,0x99999999
W,0x00001141,0x77777777
W,0x00001ED0,0x77777777
W,0x000004C1,0x687b890a
W,0x00000AA0,0x33333333
W,0x00000FF3,0x99999999
W,0x00000531,0x16420982
R,0x00000442,
R,0x00001F10,
W,0x00001F41,0x12345678
W,0x00000D31,0x55555555
W,0x00001251,0x79824691
R,0x00001520,
R,0x00001020,
R,0x000005B0,
W,0x000012B1,0x79824691
R,0x00001213,
W,0x00000A01,0x77777777
W,0x00000790,0x88888888
W,0x00000330,0x12345678
R,0x00001F91,
W,0x00001751,0x687b890a
W,0x00000980,0x77777777
W,0x00001010,0x33333333
W,0x00001E52,0x88888888
R,0x000013C1,
R,0x00001770,
R,0x00000610,
W,0x000016B2,0x15946378
R,0x00000611,
R,0x000004B3,
R,0x000012C1,
W,0x00001350,0x12345678
R,0x000018B2,
W,0x00000353,0x11111111
R,0x000008A1,
W,0x00000143,0x77777777
R,0x00000202,
R,0x000013A0,
R,0x00001D93,
R,0x00000E40,
W,0x00000C60,0x66666666
W,0x000006D3,0x44444444
R,0x00001BF2,
W,0x000018F2,0x77777777
W,0x000011F3,0x11111111
R,0x00001272,
W,0x000002E1,0x77777777
R,0x00001981,
R,0x00001470,
R,0x000014D0,
R,0x00000A52,
W,0x00001601,0x11111111
W,0x000004D3,0x77777777
R,0x000006C2,
W,0x00000C12,0x88888888
W,0x00000031,0x77777777
R,0x000009C3,
R,0x000016B2,
W,0x00000B60,0x79824691
W,0x000004E2,0x22222222
W,0x00001391,0x687b890a
R,0x00001563,
R,0x00001000,
W,0x00001E21,0x687b890a
R,0x00000C51,
W,0x00001120,0x79824691
R,0x000007D3,
R,0x00001EF3,
R,0x00001520,
W,0x00001413,0xf809b234
R,0x00000363,
W,0x00001693,0x66666666
R,0x00001C52,
R,0x00000353,
R,0x00000BF2,
R,0x000016A0,
R,0x000013B3,
W,0x00001EB1,0x88888888
W,0x00000BE2,0x88888888
R,0x00001FB0,
W,0x00000941,0x44444444
R,0x000014C0,
W,0x00001783,0x33333333
W,0x00000063,0x11111111
R,0x00000803,
R,0x00000540,
W,0x00000690,0x99999999
W,0x000018A1,0x44444444
R,0x000008B3,
R,0x00001072,
R,0x00001A42,
W,0x00000F10,0x99999999
R,0x00000CB3,
R,0x00000C10,
R,0x00001262,
W,0x00000C13,0x11111111
W,0x00001A62,0x99999999
R,0x000018D3,
W,0x00000CA2,0x99999999
R,0x00000390,
R,0x000000B1,
W,0x00000810,0x15946378
R,0x00001FF0,
R,0x00001CD1,
R,0x000001B3,
W,0x00000152,0x99999999
W,0x00001112,0x44444444
R,0x00000452,
R,0x00000DF3,
W,0x00000C83,0x99999999
W,0x00001A20,0x55555555
W,0x00000760,0x687b890a
R,0x00000980,
W,0x00001072,0xf809b234
W,0x00000721,0x33333333
W,0x00000A70,0x11111111
R,0x00001612,
W,0x00000DB2,0x33333333
R,0x00000061,
R,0x00001C20,
R,0x00001F23,
R,0x00000271,
W,0x00000400,0x12345678
W,0x00001951,0x33333333
W,0x000013F3,0x11111111
W,0x00000C42,0x55555555
R,0x00001303,
R,0x00001C81,
W,0x000007A1,0x22222222
R,0x00000401,
R,0x00000241,
R,0x00001831,
W,0x000018C1,0x88888888
R,0x00000640,
R,0x00001C83,
R,0x00001202,
R,0x00001E33,
R,0x00001872,
W,0x00001C13,0x77777777
W,0x00001660,0x22222222
R,0x00001C61,
R,0x00001450,
R,0x000007F2,
R,0x00000892,
W,0x000004D3,0x11111111
R,0x00001B43,
R,0x000018F3,
W,0x00000B10,0x44444444
W,0x000003B0,0x33333333
R,0x00000123,
W,0x00001481,0x687b890a
W,0x00001240,0x22222222
W,0x00000CF2,0x79824691
R,0x00000AF3,
W,0x00000352,0x15946378
W,0x00000383,0x33333333
W,0x000004D3,0x33333333
R,0x00001DB1,
R,0x000003C2,
W,0x000004C0,0x79824691
R,0x00000D91,
W,0x00000A32,0x66666666
W,0x00000330,0x687b890a
R,0x00001872,
R,0x00001CA0,
W,0x00000D50,0x15946378
W,0x00001110,0x79824691
R,0x00000C90,
R,0x000000B0,
R,0x000016C1,
W,0x00000BA2,0x55555555
R,0x00000A23,
R,0x00000181,
W,0x00000660,0x16420982
R,0x00001943,
R,0x00000F43,
R,0x00000873,
R,0x000004B2,
W,0x00000181,0x66666666
W,0x00001C62,0x16420982
R,0x00001D00,
W,0x00001862,0x55555555
R,0x00001733,
R,0x00000881,
R,0x000009A1,
R,0x00001113,
R,0x00001202,
W,0x000012B2,0x687b890a
R,0x00000582,
R,0x00001822,
R,0x00000CA2,
W,0x00001C82,0x11111111
W,0x000001F0,0x22222222
W,0x00001621,0x99999999
W,0x00000623,0x79824691
R,0x000016E0,
R,0x00000EB2,
W,0x00001783,0x22222222
W,0x00000681,0x55555555
R,0x00001B73,
W,0x00001CF2,0x77777777
R,0x00000141,
R,0x000000C0,
W,0x00001872,0x77777777
W,0x00000892,0x44444444
W,0x00001002,0x66666666
R,0x00000B81,
W,0x00000A90,0x99999999
R,0x000000C3,
R,0x00001DA0,
W,0x000009B1,0x77777777
W,0x00000613,0x12345678
W,0x000013D3,0x55555555
R,0x00000C91,
W,0x00000C22,0x55555555
R,0x00001E30,
R,0x00000043,
R,0x000014B0,
R,0x00001C33,
R,0x00001AA0,
W,0x00001790,0x22222222
R,0x00001431,
W,0x000006A1,0x66666666
W,0x00000200,0x77777777
W,0x000000F3,0x66666666
R,0x00001011,
W,0x000015A1,0x11111111
W,0x00001E70,0x16420982
W,0x000000E2,0x77777777
R,0x00000DD3,
R,0x00001622,
R,0x000013C3,
W,0x000004B3,0x33333333
R,0x000009D0,
R,0x000019B3,
R,0x00001673,
W,0x000001F0,0x99999999
W,0x00000D22,0x88888888
W,0x00000850,0x99999999
W,0x00000981,0x77777777
R,0x000005C2,
R,0x00001CE0,
W,0x00001A02,0x11111111
W,0x000012D3,0x11111111
R,0x00001422,
R,0x00000893,
R,0x00000CA1,
R,0x00000BC3,
R,0x00000C72,
R,0x00000843,
W,0x00000063,0x12345678
W,0x00000D41,0x88888888
R,0x00000FF1,
R,0x00001F30,
R,0x00000531,
R,0x000016A2,
R,0x00000101,
W,0x000009B1,0x22222222
W,0x000000E2,0x687b890a
R,0x00001991,
W,0x00001272,0x16420982
R,0x00001052,
W,0x00000CF3,0x15946378
R,0x00001060,
W,0x00001363,0x16420982
W,0x00000FD0,0x15946378
W,0x00000AE1,0x66666666
W,0x00001223,0x16420982
W,0x00001CA1,0x88888888
R,0x00000710,
W,0x00001FD0,0x12345678
W,0x00001C63,0x33333333
R,0x000017C3,
W,0x00001D51,0x79824691
W,0x000016E3,0x44444444
W,0x000009F2,0x88888888
W,0x000006A1,0x16420982
W,0x000011B1,0x79824691
R,0x00000083,
W,0x00001401,0x687b890a
R,0x00000DD0,
W,0x00000153,0x44444444
R,0x00000411,
W,0x000018C3,0x15946378
R,0x000004B3,
R,0x00000CE0,
W,0x00001782,0xf809b234
R,0x00001C22,
R,0x000015D3,
W,0x00001443,0x33333333
W,0x000009D3,0x12345678
W,0x00000233,0x66666666
W,0x000012C0,0x22222222
R,0x00000313,
R,0x00000AC2,
W,0x00001DD1,0x55555555
W,0x00001B13,0xf809b234
R,0x00001561,
R,0x000004F3,
R,0x000001B3,
R,0x00000210,
R,0x00000561,
R,0x00000AE2,
W,0x00001433,0x22222222
R,0x00000031,
R,0x00000B72,
R,0x00000330,
W,0x000018A1,0x22222222
R,0x000004D1,
R,0x00000273,
W,0x00000901,0x22222222
W,0x00001B13,0x55555555
R,0x00001C60,
