W,0x00000E58,0x99999999
W,0x00000280,0x79824691
W,0x00000280,0x79824691
R,0x00000E60,
W,0x0000083C,0x99999999
W,0x0000083C,0x99999999
W,0x000006D8,0x33333333
W,0x00000030,0x79824691
W,0x00000388,0x99999999
W,0x00000388,0x99999999
W,0x00000E58,0x99999999
W,0x00000030,0x79824691
W,0x00000410,0x66666666
W,0x000002A4,0x12345678
W,0x00000E58,0x99999999
W,0x00000280,0x79824691
W,0x00000030,0x79824691
R,0x00000E60,
W,0x000002A4,0x12345678
W,0x000002A4,0x12345678
W,0x000008DC,0xf809b234
W,0x000006D8,0x33333333
W,0x00000E58,0x99999999
W,0x000008DC,0xf809b234
R,0x00000D44,
R,0x00000D44,
W,0x00000388,0x99999999
W,0x0000083C,0x99999999
R,0x00000D44,
W,0x00000E58,0x99999999
W,0x0000083C,0x99999999
W,0x0000083C,0x99999999
